Individual_ID,Beh2,Type,Proba
CA52,Burrow,Prey,0.484
CA52,Burrow,Prey,0.516
CA52,Burrow,Prey,0.636
CA52,Burrow,Prey,0.742
CA52,Burrow,Prey,0.8
CA52,Burrow,Prey,0.554
CA52,Burrow,Prey,0.67
CA52,Burrow,Prey,0.46
CA52,Burrow,Prey,0.438
CA52,Burrow,Prey,0.574
CA52,Burrow,Prey,0.54
CA52,Burrow,Prey,0.554
CA52,Burrow,Prey,0.642
CA52,Burrow,Prey,0.4
CA52,Burrow,Prey,0.51
CA52,Burrow,Prey,0.362
CA52,Burrow,Prey,0.312
CA52,Burrow,Prey,0.636
CA52,Burrow,Prey,0.308
CA52,Burrow,Prey,0.688
CA52,Burrow,Prey,0.586
CA52,Burrow,Prey,0.55
CA52,Burrow,Prey,0.266
CA52,Burrow,Prey,0.408
CA53,Burrow,Prey,0.4
CA53,Burrow,Prey,0.4
CA53,Burrow,Prey,0.512
CA53,Burrow,Prey,0.26
CA53,Burrow,Prey,0.558
CA53,Burrow,Prey,0.566
CA53,Burrow,Prey,0.554
CA53,Burrow,Prey,0.438
CA53,Burrow,Prey,0.766
CA53,Burrow,Prey,0.59
CA53,Burrow,Prey,0.626
CA53,Burrow,Prey,0.626
CA53,Burrow,Prey,0.668
CA53,Burrow,Prey,0.728
CA53,Burrow,Prey,0.636
CA53,Burrow,Prey,0.394
CA53,Burrow,Prey,0.662
CA53,Burrow,Prey,0.364
CA53,Burrow,Prey,0.48
CA53,Burrow,Prey,0.64
CA53,Burrow,Prey,0.548
CA53,Burrow,Prey,0.518
CA53,Burrow,Prey,0.328
CA53,Burrow,Prey,0.396
CA53,Burrow,Prey,0.226
CA53,Burrow,Prey,0.286
CA53,Burrow,Prey,0.628
CA53,Burrow,Prey,0.43
CA53,Burrow,Prey,0.386
CA53,Burrow,Prey,0.728
CA54,Burrow,Prey,0.468
CA54,Burrow,Prey,0.518
CA54,Burrow,Prey,0.542
CA54,Burrow,Prey,0.512
CA54,Burrow,Prey,0.34
CA54,Burrow,Prey,0.338
CA54,Burrow,Prey,0.252
CA54,Burrow,Prey,0.66
CA54,Burrow,Prey,0.496
CA54,Burrow,Prey,0.534
CA54,Burrow,Prey,0.484
CA54,Burrow,Prey,0.526
CA54,Burrow,Prey,0.654
CA54,Burrow,Prey,0.622
CA54,Burrow,Prey,0.416
CA54,Burrow,Prey,0.452
CA54,Burrow,Prey,0.546
CA54,Burrow,Prey,0.406
CA54,Burrow,Prey,0.81
CA54,Burrow,Prey,0.486
CA54,Burrow,Prey,0.392
CA54,Burrow,Prey,0.466
CA54,Burrow,Prey,0.646
CA54,Burrow,Prey,0.458
CA54,Burrow,Prey,0.452
CA54,Burrow,Prey,0.472
CA54,Burrow,Prey,0.378
CA54,Burrow,Prey,0.318
CA54,Burrow,Prey,0.484
CA55,Burrow,Prey,0.624
CA55,Burrow,Prey,0.504
CA55,Burrow,Prey,0.416
CA55,Burrow,Prey,0.59
CA55,Burrow,Prey,0.696
CA55,Burrow,Prey,0.492
CA55,Burrow,Prey,0.492
CA55,Burrow,Prey,0.492
CA55,Burrow,Prey,0.646
CA55,Burrow,Prey,0.538
CA55,Burrow,Prey,0.566
CA55,Burrow,Prey,0.448
CA55,Burrow,Prey,0.55
CA55,Burrow,Prey,0.442
CA55,Burrow,Prey,0.442
CA55,Burrow,Prey,0.452
CA56,Burrow,Prey,0.236
CA56,Burrow,Prey,0.144
CA56,Burrow,Prey,0.06
CA56,Burrow,Prey,0.274
CA56,Burrow,Prey,0.634
CA56,Burrow,Prey,0.474
CA56,Burrow,Prey,0.546
CA56,Burrow,Prey,0.676
CA56,Burrow,Prey,0.676
CA56,Burrow,Prey,0.364
CA56,Burrow,Prey,0.658
CA56,Burrow,Prey,0.486
CA56,Burrow,Prey,0.584
CA56,Burrow,Prey,0.584
CA56,Burrow,Prey,0.648
CA56,Burrow,Prey,0.604
CA56,Burrow,Prey,0.666
CA56,Burrow,Prey,0.61
CA56,Burrow,Prey,0.618
CA56,Burrow,Prey,0.622
CA56,Burrow,Prey,0.576
CA56,Burrow,Prey,0.51
CA56,Burrow,Prey,0.63
CA56,Burrow,Prey,0.54
CA56,Burrow,Prey,0.472
CA56,Burrow,Prey,0.798
CA56,Burrow,Prey,0.754
CA56,Burrow,Prey,0.614
CA56,Burrow,Prey,0.744
CA57,Burrow,Prey,0.272
CA57,Burrow,Prey,0.292
CA57,Burrow,Prey,0.568
CA57,Burrow,Prey,0.462
CA57,Burrow,Prey,0.054
CA57,Burrow,Prey,0.524
CA57,Burrow,Prey,0.524
CA57,Burrow,Prey,0.48
CA57,Burrow,Prey,0.62
CA57,Burrow,Prey,0.734
CA57,Burrow,Prey,0.494
CA57,Burrow,Prey,0.64
CA57,Burrow,Prey,0.472
CA57,Burrow,Prey,0.61
CA57,Burrow,Prey,0.368
CA57,Burrow,Prey,0.494
CA57,Burrow,Prey,0.496
CA57,Burrow,Prey,0.63
CA57,Burrow,Prey,0.614
CA57,Burrow,Prey,0.48
CA57,Burrow,Prey,0.614
CA57,Burrow,Prey,0.774
CA57,Burrow,Prey,0.402
CA57,Burrow,Prey,0.452
CA58,Burrow,Prey,0.384
CA58,Burrow,Prey,0.528
CA58,Burrow,Prey,0.282
CA58,Burrow,Prey,0.06
CA58,Burrow,Prey,0.244
CA58,Burrow,Prey,0.5
CA58,Burrow,Prey,0.542
CA58,Burrow,Prey,0.518
CA58,Burrow,Prey,0.426
CA58,Burrow,Prey,0.656
CA58,Burrow,Prey,0.656
CA58,Burrow,Prey,0.536
CA58,Burrow,Prey,0.448
CA58,Burrow,Prey,0.406
CA58,Burrow,Prey,0.628
CA58,Burrow,Prey,0.376
CA58,Burrow,Prey,0.586
CA58,Burrow,Prey,0.59
CA58,Burrow,Prey,0.596
CA58,Burrow,Prey,0.51
CA58,Burrow,Prey,0.618
CA58,Burrow,Prey,0.542
CA58,Burrow,Prey,0.24
CA58,Burrow,Prey,0.526
CA58,Burrow,Prey,0.58
CA59,Burrow,Prey,0.346
CA59,Burrow,Prey,0.428
CA59,Burrow,Prey,0.54
CA59,Burrow,Prey,0.318
CA59,Burrow,Prey,0.318
CA59,Burrow,Prey,0.318
CA59,Burrow,Prey,0.586
CA59,Burrow,Prey,0.634
CA59,Burrow,Prey,0.63
CA59,Burrow,Prey,0.51
CA59,Burrow,Prey,0.626
CA59,Burrow,Prey,0.434
CA59,Burrow,Prey,0.446
CA59,Burrow,Prey,0.444
CA59,Burrow,Prey,0.66
CA59,Burrow,Prey,0.66
CA59,Burrow,Prey,0.568
CA59,Burrow,Prey,0.442
CA59,Burrow,Prey,0.366
CA60,Burrow,Prey,0.524
CA60,Burrow,Prey,0.54
CA60,Burrow,Prey,0.54
CA60,Burrow,Prey,0.54
CA60,Burrow,Prey,0.54
CA60,Burrow,Prey,0.882
CA60,Burrow,Prey,0.882
CA60,Burrow,Prey,0.67
CA60,Burrow,Prey,0.674
CA60,Burrow,Prey,0.648
CA60,Burrow,Prey,0.364
CA60,Burrow,Prey,0.534
CA60,Burrow,Prey,0.572
CA61,Burrow,Prey,0.324
CA61,Burrow,Prey,0.58
CA61,Burrow,Prey,0.804
CA61,Burrow,Prey,0.5
CA61,Burrow,Prey,0.56
CA61,Burrow,Prey,0.46
CA61,Burrow,Prey,0.642
CA61,Burrow,Prey,0.474
CA61,Burrow,Prey,0.622
CA61,Burrow,Prey,0.35
CA62,Burrow,Prey,0.416
CA62,Burrow,Prey,0.356
CA62,Burrow,Prey,0.272
CA62,Burrow,Prey,0.61
CA62,Burrow,Prey,0.302
CA62,Burrow,Prey,0.02
CA62,Burrow,Prey,0.544
CA62,Burrow,Prey,0.45
CA62,Burrow,Prey,0.508
CA62,Burrow,Prey,0.766
CA62,Burrow,Prey,0.452
CA62,Burrow,Prey,0.61
CA62,Burrow,Prey,0.394
CA62,Burrow,Prey,0.52
CA62,Burrow,Prey,0.52
CA62,Burrow,Prey,0.29
CA62,Burrow,Prey,0.454
CA62,Burrow,Prey,0.462
CA62,Burrow,Prey,0.532
CA63,Burrow,Prey,0.324
CA63,Burrow,Prey,0.514
CA63,Burrow,Prey,0.696
CA63,Burrow,Prey,0.482
CA63,Burrow,Prey,0.568
CA63,Burrow,Prey,0.112
CA63,Burrow,Prey,0.484
CA63,Burrow,Prey,0.774
CA63,Burrow,Prey,0.448
CA63,Burrow,Prey,0.57
CA63,Burrow,Prey,0.468
CA63,Burrow,Prey,0.412
CA63,Burrow,Prey,0.536
CA63,Burrow,Prey,0.638
CA63,Burrow,Prey,0.764
CA63,Burrow,Prey,0.536
CA63,Burrow,Prey,0.3
CA63,Burrow,Prey,0.568
CA64,Burrow,Prey,0.224
CA64,Burrow,Prey,0.224
CA64,Burrow,Prey,0.436
CA64,Burrow,Prey,0.596
CA64,Burrow,Prey,0.65
CA64,Burrow,Prey,0.596
CA64,Burrow,Prey,0.378
CA64,Burrow,Prey,0.436
CA64,Burrow,Prey,0.096
CA64,Burrow,Prey,0.07
CA64,Burrow,Prey,0.404
CA64,Burrow,Prey,0.452
CA64,Burrow,Prey,0.54
CA64,Burrow,Prey,0.756
CA64,Burrow,Prey,0.632
CA64,Burrow,Prey,0.646
CA64,Burrow,Prey,0.66
CA64,Burrow,Prey,0.576
CA64,Burrow,Prey,0.39
CA64,Burrow,Prey,0.558
CA64,Burrow,Prey,0.662
CA64,Burrow,Prey,0.758
CA65,Burrow,Prey,0.634
CA65,Burrow,Prey,0.306
CA65,Burrow,Prey,0.378
CA65,Burrow,Prey,0.542
CA65,Burrow,Prey,0.53
CA65,Burrow,Prey,0.446
CA65,Burrow,Prey,0.592
CA65,Burrow,Prey,0.628
CA65,Burrow,Prey,0.27
CA65,Burrow,Prey,0.662
CA65,Burrow,Prey,0.634
CA65,Burrow,Prey,0.326
CA65,Burrow,Prey,0.438
CA65,Burrow,Prey,0.424
CA65,Burrow,Prey,0.372
CA66,Burrow,Prey,0.376
CA66,Burrow,Prey,0.418
CA66,Burrow,Prey,0.552
CA66,Burrow,Prey,0.086
CA66,Burrow,Prey,0.442
CA66,Burrow,Prey,0.328
CA66,Burrow,Prey,0.754
CA66,Burrow,Prey,0.102
CA66,Burrow,Prey,0.526
CA66,Burrow,Prey,0.574
CA66,Burrow,Prey,0.598
CA66,Burrow,Prey,0.59
CA66,Burrow,Prey,0.55
CA66,Burrow,Prey,0.69
CA66,Burrow,Prey,0.592
CA67,Burrow,Prey,0.68
CA67,Burrow,Prey,0.584
CA67,Burrow,Prey,0.558
CA67,Burrow,Prey,0.822
CA67,Burrow,Prey,0.532
CA67,Burrow,Prey,0.724
CA67,Burrow,Prey,0.594
CA67,Burrow,Prey,0.652
CA67,Burrow,Prey,0.818
CA67,Burrow,Prey,0.524
CA67,Burrow,Prey,0.654
CA67,Burrow,Prey,0.75
CA67,Burrow,Prey,0.458
CA67,Burrow,Prey,0.684
CA67,Burrow,Prey,0.494
CA67,Burrow,Prey,0.622
CA67,Burrow,Prey,0.186
CA68,Burrow,Prey,0.498
CA68,Burrow,Prey,0.498
CA68,Burrow,Prey,0.38
CA68,Burrow,Prey,0.514
CA68,Burrow,Prey,0.546
CA68,Burrow,Prey,0.07
CA68,Burrow,Prey,0.364
CA68,Burrow,Prey,0.566
CA68,Burrow,Prey,0.774
CA68,Burrow,Prey,0.558
CA68,Burrow,Prey,0.634
CA68,Burrow,Prey,0.724
CA68,Burrow,Prey,0.436
CA68,Burrow,Prey,0.446
CA68,Burrow,Prey,0.6
CA68,Burrow,Prey,0.706
CA68,Burrow,Prey,0.516
CA68,Burrow,Prey,0.584
CA69,Burrow,Prey,0.578
CA69,Burrow,Prey,0.75
CA69,Burrow,Prey,0.44
CA69,Burrow,Prey,0.316
CA69,Burrow,Prey,0.68
CA69,Burrow,Prey,0.536
CA69,Burrow,Prey,0.518
CA69,Burrow,Prey,0.57
CA69,Burrow,Prey,0.788
CA69,Burrow,Prey,0.898
CA69,Burrow,Prey,0.578
CA69,Burrow,Prey,0.444
CA69,Burrow,Prey,0.566
CA69,Burrow,Prey,0.57
CA69,Burrow,Prey,0.444
CA69,Burrow,Prey,0.592
CA70,Burrow,Prey,0.678
CA70,Burrow,Prey,0.734
CA70,Burrow,Prey,0.348
CA70,Burrow,Prey,0.642
CA70,Burrow,Prey,0.472
CA70,Burrow,Prey,0.54
CA70,Burrow,Prey,0.584
CA70,Burrow,Prey,0.578
CA70,Burrow,Prey,0.624
CA70,Burrow,Prey,0.436
CA70,Burrow,Prey,0.766
CA70,Burrow,Prey,0.49
CA70,Burrow,Prey,0.434
CA70,Burrow,Prey,0.698
CA70,Burrow,Prey,0.82
CA70,Burrow,Prey,0.656
CA71,Burrow,Prey,0.476
CA71,Burrow,Prey,0.458
CA71,Burrow,Prey,0.708
CA71,Burrow,Prey,0.43
CA71,Burrow,Prey,0.494
CA71,Burrow,Prey,0.494
CA71,Burrow,Prey,0.502
CA71,Burrow,Prey,0.234
CA71,Burrow,Prey,0.674
CA71,Burrow,Prey,0.094
CA71,Burrow,Prey,0.05
CA71,Burrow,Prey,0.702
CA71,Burrow,Prey,0.784
CA71,Burrow,Prey,0.454
CA71,Burrow,Prey,0.68
CA71,Burrow,Prey,0.518
CA71,Burrow,Prey,0.488
CA71,Burrow,Prey,0.26
CA71,Burrow,Prey,0.272
CA71,Burrow,Prey,0.654
CA71,Burrow,Prey,0.352
CA71,Burrow,Prey,0.59
CA71,Burrow,Prey,0.446
CA71,Burrow,Prey,0.582
CA71,Burrow,Prey,0.596
CA71,Burrow,Prey,0.604
CA71,Burrow,Prey,0.58
CA71,Burrow,Prey,0.428
CA71,Burrow,Prey,0.37
CA71,Burrow,Prey,0.572
CA71,Burrow,Prey,0.624
CA71,Burrow,Prey,0.364
CA72,Burrow,Prey,0.392
CA72,Burrow,Prey,0.298
CA72,Burrow,Prey,0.13
CA72,Burrow,Prey,0.368
CA72,Burrow,Prey,0.036
CA72,Burrow,Prey,0.112
CA72,Burrow,Prey,0.708
CA72,Burrow,Prey,0.59
CA72,Burrow,Prey,0.662
CA72,Burrow,Prey,0.61
CA72,Burrow,Prey,0.59
CA72,Burrow,Prey,0.326
CA72,Burrow,Prey,0.468
CA72,Burrow,Prey,0.532
CA73,Burrow,Prey,0.414
CA73,Burrow,Prey,0.424
CA73,Burrow,Prey,0.424
CA73,Burrow,Prey,0.274
CA73,Burrow,Prey,0.332
CA73,Burrow,Prey,0.694
CA73,Burrow,Prey,0.552
CA73,Burrow,Prey,0.37
CA73,Burrow,Prey,0.53
CA73,Burrow,Prey,0.78
CA73,Burrow,Prey,0.636
CA73,Burrow,Prey,0.638
CA73,Burrow,Prey,0.276
CA73,Burrow,Prey,0.698
CA73,Burrow,Prey,0.55
CA73,Burrow,Prey,0.4
CA73,Burrow,Prey,0.43
CA73,Burrow,Prey,0.548
CA73,Burrow,Prey,0.326
CA73,Burrow,Prey,0.76
CA73,Burrow,Prey,0.856
CA74,Burrow,Prey,0.508
CA74,Burrow,Prey,0.304
CA74,Burrow,Prey,0.738
CA74,Burrow,Prey,0.648
CA74,Burrow,Prey,0.786
CA74,Burrow,Prey,0.786
CA74,Burrow,Prey,0.614
CA74,Burrow,Prey,0.358
CA74,Burrow,Prey,0.356
CA75,Burrow,Prey,0.55
CA76,Burrow,Prey,0.438
CA76,Burrow,Prey,0.588
CA76,Burrow,Prey,0.598
CA76,Burrow,Prey,0.592
CA76,Burrow,Prey,0.446
CA76,Burrow,Prey,0.722
CA76,Burrow,Prey,0.458
CA52,Burrow,Pred,0.668
CA52,Burrow,Pred,0.088
CA52,Burrow,Pred,0.568
CA52,Burrow,Pred,0.54
CA52,Burrow,Pred,0.036
CA52,Burrow,Pred,0.146
CA52,Burrow,Pred,0.614
CA52,Burrow,Pred,0.354
CA52,Burrow,Pred,0.562
CA52,Burrow,Pred,0.682
CA52,Burrow,Pred,0.312
CA52,Burrow,Pred,0.42
CA52,Burrow,Pred,0.232
CA52,Burrow,Pred,0.276
CA52,Burrow,Pred,0.304
CA52,Burrow,Pred,0.37
CA52,Burrow,Pred,0.518
CA52,Burrow,Pred,0.492
CA52,Burrow,Pred,0.538
CA52,Burrow,Pred,0.788
CA52,Burrow,Pred,0.418
CA52,Burrow,Pred,0.406
CA52,Burrow,Pred,0.428
CA52,Burrow,Pred,0.506
CA53,Burrow,Pred,0.142
CA53,Burrow,Pred,0.142
CA53,Burrow,Pred,0.272
CA53,Burrow,Pred,0.822
CA53,Burrow,Pred,0.45
CA53,Burrow,Pred,0.586
CA53,Burrow,Pred,0.146
CA53,Burrow,Pred,0.478
CA53,Burrow,Pred,0.332
CA53,Burrow,Pred,0.488
CA53,Burrow,Pred,0.282
CA53,Burrow,Pred,0.282
CA53,Burrow,Pred,0.612
CA53,Burrow,Pred,0.448
CA53,Burrow,Pred,0.536
CA53,Burrow,Pred,0.49
CA53,Burrow,Pred,0.398
CA53,Burrow,Pred,0.682
CA53,Burrow,Pred,0.81
CA53,Burrow,Pred,0.568
CA53,Burrow,Pred,0.4
CA53,Burrow,Pred,0.508
CA53,Burrow,Pred,0.362
CA53,Burrow,Pred,0.786
CA53,Burrow,Pred,0.502
CA53,Burrow,Pred,0.308
CA53,Burrow,Pred,0.45
CA53,Burrow,Pred,0.448
CA53,Burrow,Pred,0.314
CA53,Burrow,Pred,0.578
CA54,Burrow,Pred,0.43
CA54,Burrow,Pred,0.214
CA54,Burrow,Pred,0.218
CA54,Burrow,Pred,0.14
CA54,Burrow,Pred,0.434
CA54,Burrow,Pred,0.448
CA54,Burrow,Pred,0.61
CA54,Burrow,Pred,0.35
CA54,Burrow,Pred,0.46
CA54,Burrow,Pred,0.086
CA54,Burrow,Pred,0.442
CA54,Burrow,Pred,0.21
CA54,Burrow,Pred,0.454
CA54,Burrow,Pred,0.524
CA54,Burrow,Pred,0.168
CA54,Burrow,Pred,0.226
CA54,Burrow,Pred,0.366
CA54,Burrow,Pred,0.498
CA54,Burrow,Pred,0.452
CA54,Burrow,Pred,0.456
CA54,Burrow,Pred,0.606
CA54,Burrow,Pred,0.678
CA54,Burrow,Pred,0.392
CA54,Burrow,Pred,0.358
CA54,Burrow,Pred,0.49
CA54,Burrow,Pred,0.374
CA54,Burrow,Pred,0.582
CA54,Burrow,Pred,0.198
CA54,Burrow,Pred,0.35
CA55,Burrow,Pred,0.394
CA55,Burrow,Pred,0.3
CA55,Burrow,Pred,0.176
CA55,Burrow,Pred,0.384
CA55,Burrow,Pred,0.418
CA55,Burrow,Pred,0.298
CA55,Burrow,Pred,0.298
CA55,Burrow,Pred,0.298
CA55,Burrow,Pred,0.504
CA55,Burrow,Pred,0.306
CA55,Burrow,Pred,0.464
CA55,Burrow,Pred,0.33
CA55,Burrow,Pred,0.514
CA55,Burrow,Pred,0.354
CA55,Burrow,Pred,0.354
CA55,Burrow,Pred,0.49
CA56,Burrow,Pred,0.036
CA56,Burrow,Pred,0.574
CA56,Burrow,Pred,0.138
CA56,Burrow,Pred,0.732
CA56,Burrow,Pred,0.746
CA56,Burrow,Pred,0.154
CA56,Burrow,Pred,0.064
CA56,Burrow,Pred,0.326
CA56,Burrow,Pred,0.326
CA56,Burrow,Pred,0.782
CA56,Burrow,Pred,0.684
CA56,Burrow,Pred,0.254
CA56,Burrow,Pred,0.098
CA56,Burrow,Pred,0.098
CA56,Burrow,Pred,0.254
CA56,Burrow,Pred,0.138
CA56,Burrow,Pred,0.47
CA56,Burrow,Pred,0.108
CA56,Burrow,Pred,0.186
CA56,Burrow,Pred,0.36
CA56,Burrow,Pred,0.202
CA56,Burrow,Pred,0.468
CA56,Burrow,Pred,0.178
CA56,Burrow,Pred,0.256
CA56,Burrow,Pred,0.166
CA56,Burrow,Pred,0.622
CA56,Burrow,Pred,0.478
CA56,Burrow,Pred,0.312
CA56,Burrow,Pred,0.502
CA57,Burrow,Pred,0.162
CA57,Burrow,Pred,0.062
CA57,Burrow,Pred,0.254
CA57,Burrow,Pred,0.112
CA57,Burrow,Pred,0.056
CA57,Burrow,Pred,0.162
CA57,Burrow,Pred,0.154
CA57,Burrow,Pred,0.13
CA57,Burrow,Pred,0.044
CA57,Burrow,Pred,0.544
CA57,Burrow,Pred,0.278
CA57,Burrow,Pred,0.194
CA57,Burrow,Pred,0.386
CA57,Burrow,Pred,0.218
CA57,Burrow,Pred,0.2
CA57,Burrow,Pred,0.25
CA57,Burrow,Pred,0.224
CA57,Burrow,Pred,0.642
CA57,Burrow,Pred,0.208
CA57,Burrow,Pred,0.754
CA57,Burrow,Pred,0.584
CA57,Burrow,Pred,0.638
CA57,Burrow,Pred,0.08
CA57,Burrow,Pred,0.338
CA58,Burrow,Pred,0.182
CA58,Burrow,Pred,0.146
CA58,Burrow,Pred,0.64
CA58,Burrow,Pred,0.216
CA58,Burrow,Pred,0.362
CA58,Burrow,Pred,0.052
CA58,Burrow,Pred,0.44
CA58,Burrow,Pred,0.186
CA58,Burrow,Pred,0.478
CA58,Burrow,Pred,0.156
CA58,Burrow,Pred,0.156
CA58,Burrow,Pred,0.608
CA58,Burrow,Pred,0.028
CA58,Burrow,Pred,0.13
CA58,Burrow,Pred,0.456
CA58,Burrow,Pred,0.276
CA58,Burrow,Pred,0.558
CA58,Burrow,Pred,0.398
CA58,Burrow,Pred,0.092
CA58,Burrow,Pred,0.426
CA58,Burrow,Pred,0.218
CA58,Burrow,Pred,0.456
CA58,Burrow,Pred,0.372
CA58,Burrow,Pred,0.336
CA58,Burrow,Pred,0.292
CA59,Burrow,Pred,0.058
CA59,Burrow,Pred,0.028
CA59,Burrow,Pred,0.178
CA59,Burrow,Pred,0.05
CA59,Burrow,Pred,0.05
CA59,Burrow,Pred,0.05
CA59,Burrow,Pred,0.432
CA59,Burrow,Pred,0.008
CA59,Burrow,Pred,0.31
CA59,Burrow,Pred,0.096
CA59,Burrow,Pred,0.376
CA59,Burrow,Pred,0.566
CA59,Burrow,Pred,0.444
CA59,Burrow,Pred,0.434
CA59,Burrow,Pred,0.714
CA59,Burrow,Pred,0.714
CA59,Burrow,Pred,0.714
CA59,Burrow,Pred,0.466
CA59,Burrow,Pred,0.308
CA60,Burrow,Pred,0.18
CA60,Burrow,Pred,0.128
CA60,Burrow,Pred,0.128
CA60,Burrow,Pred,0.128
CA60,Burrow,Pred,0.128
CA60,Burrow,Pred,0.258
CA60,Burrow,Pred,0.258
CA60,Burrow,Pred,0.134
CA60,Burrow,Pred,0.258
CA60,Burrow,Pred,0.194
CA60,Burrow,Pred,0.218
CA60,Burrow,Pred,0.146
CA60,Burrow,Pred,0.278
CA61,Burrow,Pred,0.436
CA61,Burrow,Pred,0.274
CA61,Burrow,Pred,0.732
CA61,Burrow,Pred,0.052
CA61,Burrow,Pred,0.752
CA61,Burrow,Pred,0.728
CA61,Burrow,Pred,0.532
CA61,Burrow,Pred,0.182
CA61,Burrow,Pred,0.252
CA61,Burrow,Pred,0.208
CA62,Burrow,Pred,0.534
CA62,Burrow,Pred,0.772
CA62,Burrow,Pred,0.042
CA62,Burrow,Pred,0.632
CA62,Burrow,Pred,0.046
CA62,Burrow,Pred,0.008
CA62,Burrow,Pred,0.44
CA62,Burrow,Pred,0.776
CA62,Burrow,Pred,0.378
CA62,Burrow,Pred,0.526
CA62,Burrow,Pred,0.048
CA62,Burrow,Pred,0.252
CA62,Burrow,Pred,0.49
CA62,Burrow,Pred,0.252
CA62,Burrow,Pred,0.252
CA62,Burrow,Pred,0.34
CA62,Burrow,Pred,0.554
CA62,Burrow,Pred,0.428
CA62,Burrow,Pred,0.612
CA63,Burrow,Pred,0.038
CA63,Burrow,Pred,0.188
CA63,Burrow,Pred,0.352
CA63,Burrow,Pred,0.16
CA63,Burrow,Pred,0.044
CA63,Burrow,Pred,0.282
CA63,Burrow,Pred,0.124
CA63,Burrow,Pred,0.434
CA63,Burrow,Pred,0.054
CA63,Burrow,Pred,0.116
CA63,Burrow,Pred,0.722
CA63,Burrow,Pred,0.442
CA63,Burrow,Pred,0.69
CA63,Burrow,Pred,0.27
CA63,Burrow,Pred,0.558
CA63,Burrow,Pred,0.616
CA63,Burrow,Pred,0.36
CA63,Burrow,Pred,0.658
CA64,Burrow,Pred,0.628
CA64,Burrow,Pred,0.628
CA64,Burrow,Pred,0.036
CA64,Burrow,Pred,0.234
CA64,Burrow,Pred,0.208
CA64,Burrow,Pred,0.352
CA64,Burrow,Pred,0.026
CA64,Burrow,Pred,0.206
CA64,Burrow,Pred,0.28
CA64,Burrow,Pred,0.152
CA64,Burrow,Pred,0.122
CA64,Burrow,Pred,0.646
CA64,Burrow,Pred,0.238
CA64,Burrow,Pred,0.274
CA64,Burrow,Pred,0.288
CA64,Burrow,Pred,0.328
CA64,Burrow,Pred,0.612
CA64,Burrow,Pred,0.55
CA64,Burrow,Pred,0.192
CA64,Burrow,Pred,0.094
CA64,Burrow,Pred,0.712
CA64,Burrow,Pred,0.524
CA65,Burrow,Pred,0.284
CA65,Burrow,Pred,0.526
CA65,Burrow,Pred,0.704
CA65,Burrow,Pred,0.44
CA65,Burrow,Pred,0.074
CA65,Burrow,Pred,0.054
CA65,Burrow,Pred,0.434
CA65,Burrow,Pred,0.142
CA65,Burrow,Pred,0.594
CA65,Burrow,Pred,0.794
CA65,Burrow,Pred,0.354
CA65,Burrow,Pred,0.63
CA65,Burrow,Pred,0.518
CA65,Burrow,Pred,0.448
CA65,Burrow,Pred,0.348
CA66,Burrow,Pred,0.278
CA66,Burrow,Pred,0.75
CA66,Burrow,Pred,0.234
CA66,Burrow,Pred,0.158
CA66,Burrow,Pred,0.134
CA66,Burrow,Pred,0.054
CA66,Burrow,Pred,0.688
CA66,Burrow,Pred,0.088
CA66,Burrow,Pred,0.078
CA66,Burrow,Pred,0.3
CA66,Burrow,Pred,0.352
CA66,Burrow,Pred,0.558
CA66,Burrow,Pred,0.174
CA66,Burrow,Pred,0.808
CA66,Burrow,Pred,0.64
CA67,Burrow,Pred,0.54
CA67,Burrow,Pred,0.516
CA67,Burrow,Pred,0.45
CA67,Burrow,Pred,0.504
CA67,Burrow,Pred,0.812
CA67,Burrow,Pred,0.552
CA67,Burrow,Pred,0.292
CA67,Burrow,Pred,0.712
CA67,Burrow,Pred,0.398
CA67,Burrow,Pred,0.582
CA67,Burrow,Pred,0.764
CA67,Burrow,Pred,0.56
CA67,Burrow,Pred,0.54
CA67,Burrow,Pred,0.788
CA67,Burrow,Pred,0.176
CA67,Burrow,Pred,0.66
CA67,Burrow,Pred,0.306
CA68,Burrow,Pred,0.454
CA68,Burrow,Pred,0.258
CA68,Burrow,Pred,0.06
CA68,Burrow,Pred,0.714
CA68,Burrow,Pred,0.36
CA68,Burrow,Pred,0.076
CA68,Burrow,Pred,0.178
CA68,Burrow,Pred,0.47
CA68,Burrow,Pred,0.28
CA68,Burrow,Pred,0.498
CA68,Burrow,Pred,0.068
CA68,Burrow,Pred,0.256
CA68,Burrow,Pred,0.394
CA68,Burrow,Pred,0.69
CA68,Burrow,Pred,0.654
CA68,Burrow,Pred,0.848
CA68,Burrow,Pred,0.732
CA68,Burrow,Pred,0.632
CA69,Burrow,Pred,0.524
CA69,Burrow,Pred,0.454
CA69,Burrow,Pred,0.468
CA69,Burrow,Pred,0.104
CA69,Burrow,Pred,0.134
CA69,Burrow,Pred,0.464
CA69,Burrow,Pred,0.436
CA69,Burrow,Pred,0.116
CA69,Burrow,Pred,0.82
CA69,Burrow,Pred,0.61
CA69,Burrow,Pred,0.746
CA69,Burrow,Pred,0.13
CA69,Burrow,Pred,0.404
CA69,Burrow,Pred,0.42
CA69,Burrow,Pred,0.382
CA69,Burrow,Pred,0.378
CA70,Burrow,Pred,0.292
CA70,Burrow,Pred,0.302
CA70,Burrow,Pred,0.06
CA70,Burrow,Pred,0.362
CA70,Burrow,Pred,0.222
CA70,Burrow,Pred,0.722
CA70,Burrow,Pred,0.112
CA70,Burrow,Pred,0.078
CA70,Burrow,Pred,0.362
CA70,Burrow,Pred,0.054
CA70,Burrow,Pred,0.348
CA70,Burrow,Pred,0.146
CA70,Burrow,Pred,0.768
CA70,Burrow,Pred,0.798
CA70,Burrow,Pred,0.356
CA70,Burrow,Pred,0.622
CA71,Burrow,Pred,0.184
CA71,Burrow,Pred,0.226
CA71,Burrow,Pred,0.192
CA71,Burrow,Pred,0.354
CA71,Burrow,Pred,0.206
CA71,Burrow,Pred,0.206
CA71,Burrow,Pred,0.458
CA71,Burrow,Pred,0.14
CA71,Burrow,Pred,0.46
CA71,Burrow,Pred,0.174
CA71,Burrow,Pred,0.096
CA71,Burrow,Pred,0.242
CA71,Burrow,Pred,0.108
CA71,Burrow,Pred,0.088
CA71,Burrow,Pred,0.278
CA71,Burrow,Pred,0.078
CA71,Burrow,Pred,0.306
CA71,Burrow,Pred,0.438
CA71,Burrow,Pred,0.804
CA71,Burrow,Pred,0.308
CA71,Burrow,Pred,0.36
CA71,Burrow,Pred,0.164
CA71,Burrow,Pred,0.568
CA71,Burrow,Pred,0.278
CA71,Burrow,Pred,0.828
CA71,Burrow,Pred,0.262
CA71,Burrow,Pred,0.07
CA71,Burrow,Pred,0.4
CA71,Burrow,Pred,0.592
CA71,Burrow,Pred,0.238
CA71,Burrow,Pred,0.832
CA71,Burrow,Pred,0.216
CA72,Burrow,Pred,0.046
CA72,Burrow,Pred,0.046
CA72,Burrow,Pred,0.102
CA72,Burrow,Pred,0.472
CA72,Burrow,Pred,0.002
CA72,Burrow,Pred,0.096
CA72,Burrow,Pred,0.388
CA72,Burrow,Pred,0.22
CA72,Burrow,Pred,0.078
CA72,Burrow,Pred,0.288
CA72,Burrow,Pred,0.142
CA72,Burrow,Pred,0.63
CA72,Burrow,Pred,0.124
CA72,Burrow,Pred,0.328
CA73,Burrow,Pred,0.072
CA73,Burrow,Pred,0.312
CA73,Burrow,Pred,0.312
CA73,Burrow,Pred,0.616
CA73,Burrow,Pred,0.05
CA73,Burrow,Pred,0.714
CA73,Burrow,Pred,0.458
CA73,Burrow,Pred,0.094
CA73,Burrow,Pred,0.136
CA73,Burrow,Pred,0.36
CA73,Burrow,Pred,0.196
CA73,Burrow,Pred,0.398
CA73,Burrow,Pred,0.538
CA73,Burrow,Pred,0.722
CA73,Burrow,Pred,0.528
CA73,Burrow,Pred,0.772
CA73,Burrow,Pred,0.408
CA73,Burrow,Pred,0.68
CA73,Burrow,Pred,0.756
CA73,Burrow,Pred,0.602
CA73,Burrow,Pred,0.502
CA74,Burrow,Pred,0.286
CA74,Burrow,Pred,0.606
CA74,Burrow,Pred,0.724
CA74,Burrow,Pred,0.732
CA74,Burrow,Pred,0.512
CA74,Burrow,Pred,0.512
CA74,Burrow,Pred,0.448
CA74,Burrow,Pred,0.43
CA74,Burrow,Pred,0.72
CA75,Burrow,Pred,0.214
CA76,Burrow,Pred,0.264
CA76,Burrow,Pred,0.19
CA76,Burrow,Pred,0.35
CA76,Burrow,Pred,0.368
CA76,Burrow,Pred,0.568
CA76,Burrow,Pred,0.724
CA76,Burrow,Pred,0.476
CA56,Mating,Prey,0.698
CA56,Mating,Prey,0.432
CA58,Mating,Prey,0.374
CA62,Mating,Prey,0.342
CA65,Mating,Prey,0.366
CA66,Mating,Prey,0.664
CA67,Mating,Prey,0.062
CA68,Mating,Prey,0.528
CA71,Mating,Prey,0.67
CA72,Mating,Prey,0.04
CA72,Mating,Prey,0.342
CA56,Mating,Pred,0.124
CA56,Mating,Pred,0.61
CA58,Mating,Pred,0.648
CA62,Mating,Pred,0.232
CA65,Mating,Pred,0.328
CA66,Mating,Pred,0.438
CA67,Mating,Pred,0.058
CA68,Mating,Pred,0.184
CA71,Mating,Pred,0.698
CA72,Mating,Pred,0.036
CA72,Mating,Pred,0.232
CA52,Moving,Prey,0.162
CA52,Moving,Prey,0.796
CA54,Moving,Prey,0.478
CA54,Moving,Prey,0.498
CA56,Moving,Prey,0.148
CA57,Moving,Prey,0.418
CA57,Moving,Prey,0.5
CA57,Moving,Prey,0.516
CA58,Moving,Prey,0.652
CA58,Moving,Prey,0.582
CA58,Moving,Prey,0.272
CA58,Moving,Prey,0.394
CA58,Moving,Prey,0.192
CA58,Moving,Prey,0.826
CA58,Moving,Prey,0.794
CA61,Moving,Prey,0.14
CA62,Moving,Prey,0.802
CA62,Moving,Prey,0.688
CA62,Moving,Prey,0.556
CA63,Moving,Prey,0.432
CA63,Moving,Prey,0.452
CA63,Moving,Prey,0.52
CA63,Moving,Prey,0.698
CA63,Moving,Prey,0.432
CA63,Moving,Prey,0.37
CA64,Moving,Prey,0.346
CA64,Moving,Prey,0.2
CA64,Moving,Prey,0.602
CA65,Moving,Prey,0.342
CA65,Moving,Prey,0.462
CA65,Moving,Prey,0.416
CA65,Moving,Prey,0.918
CA65,Moving,Prey,0.656
CA66,Moving,Prey,0.122
CA66,Moving,Prey,0.712
CA66,Moving,Prey,0.322
CA66,Moving,Prey,0.524
CA66,Moving,Prey,0.58
CA66,Moving,Prey,0.634
CA67,Moving,Prey,0.314
CA67,Moving,Prey,0.41
CA67,Moving,Prey,0.284
CA67,Moving,Prey,0.398
CA67,Moving,Prey,0.23
CA67,Moving,Prey,0.15
CA67,Moving,Prey,0.264
CA68,Moving,Prey,0.518
CA68,Moving,Prey,0.092
CA68,Moving,Prey,0.412
CA68,Moving,Prey,0.274
CA68,Moving,Prey,0.436
CA69,Moving,Prey,0.458
CA69,Moving,Prey,0.328
CA69,Moving,Prey,0.322
CA69,Moving,Prey,0.356
CA69,Moving,Prey,0.304
CA69,Moving,Prey,0.316
CA70,Moving,Prey,0.404
CA71,Moving,Prey,0.142
CA71,Moving,Prey,0.506
CA71,Moving,Prey,0.89
CA71,Moving,Prey,0.67
CA71,Moving,Prey,0.658
CA72,Moving,Prey,0.652
CA73,Moving,Prey,0.466
CA73,Moving,Prey,0.364
CA76,Moving,Prey,0.31
CA76,Moving,Prey,0.616
CA76,Moving,Prey,0.548
CA76,Moving,Prey,0.284
CA76,Moving,Prey,0.304
CA76,Moving,Prey,0.096
CA52,Moving,Pred,0.164
CA52,Moving,Pred,0.546
CA54,Moving,Pred,0.53
CA54,Moving,Pred,0.53
CA56,Moving,Pred,0.13
CA57,Moving,Pred,0.562
CA57,Moving,Pred,0.592
CA57,Moving,Pred,0.346
CA58,Moving,Pred,0.83
CA58,Moving,Pred,0.242
CA58,Moving,Pred,0.306
CA58,Moving,Pred,0.15
CA58,Moving,Pred,0.442
CA58,Moving,Pred,0.398
CA58,Moving,Pred,0.398
CA61,Moving,Pred,0.358
CA62,Moving,Pred,0.654
CA62,Moving,Pred,0.476
CA62,Moving,Pred,0.314
CA63,Moving,Pred,0.574
CA63,Moving,Pred,0.312
CA63,Moving,Pred,0.266
CA63,Moving,Pred,0.154
CA63,Moving,Pred,0.084
CA63,Moving,Pred,0.244
CA64,Moving,Pred,0.31
CA64,Moving,Pred,0.266
CA64,Moving,Pred,0.48
CA65,Moving,Pred,0.784
CA65,Moving,Pred,0.322
CA65,Moving,Pred,0.268
CA65,Moving,Pred,0.58
CA65,Moving,Pred,0.44
CA66,Moving,Pred,0.342
CA66,Moving,Pred,0.366
CA66,Moving,Pred,0.326
CA66,Moving,Pred,0.41
CA66,Moving,Pred,0.504
CA66,Moving,Pred,0.272
CA67,Moving,Pred,0.374
CA67,Moving,Pred,0.42
CA67,Moving,Pred,0.556
CA67,Moving,Pred,0.264
CA67,Moving,Pred,0.52
CA67,Moving,Pred,0.432
CA67,Moving,Pred,0.456
CA68,Moving,Pred,0.116
CA68,Moving,Pred,0.39
CA68,Moving,Pred,0.768
CA68,Moving,Pred,0.688
CA68,Moving,Pred,0.214
CA69,Moving,Pred,0.144
CA69,Moving,Pred,0.002
CA69,Moving,Pred,0.412
CA69,Moving,Pred,0.012
CA69,Moving,Pred,0.304
CA69,Moving,Pred,0.184
CA70,Moving,Pred,0.168
CA71,Moving,Pred,0.424
CA71,Moving,Pred,0.036
CA71,Moving,Pred,0.8
CA71,Moving,Pred,0.704
CA71,Moving,Pred,0.626
CA72,Moving,Pred,0.832
CA73,Moving,Pred,0.596
CA73,Moving,Pred,0.038
CA76,Moving,Pred,0.448
CA76,Moving,Pred,0.234
CA76,Moving,Pred,0.634
CA76,Moving,Pred,0.288
CA76,Moving,Pred,0.164
CA76,Moving,Pred,0.042
CA52,TC,Prey,0.31
CA52,TC,Prey,0.324
CA52,TC,Prey,0.302
CA52,TC,Prey,0.268
CA52,TC,Prey,0.35
CA52,TC,Prey,0.516
CA52,TC,Prey,0.63
CA52,TC,Prey,0.912
CA52,TC,Prey,0.53
CA52,TC,Prey,0.358
CA52,TC,Prey,0.522
CA52,TC,Prey,0.394
CA52,TC,Prey,0.62
CA52,TC,Prey,0.412
CA52,TC,Prey,0.08
CA52,TC,Prey,0.73
CA52,TC,Prey,0.206
CA52,TC,Prey,0.356
CA52,TC,Prey,0.66
CA52,TC,Prey,0.51
CA52,TC,Prey,0.362
CA52,TC,Prey,0.528
CA52,TC,Prey,0.528
CA52,TC,Prey,0.14
CA52,TC,Prey,0.2
CA53,TC,Prey,0.63
CA53,TC,Prey,0.152
CA53,TC,Prey,0.06
CA53,TC,Prey,0.478
CA53,TC,Prey,0.654
CA53,TC,Prey,0.76
CA53,TC,Prey,0.42
CA53,TC,Prey,0.794
CA53,TC,Prey,0.682
CA53,TC,Prey,0.884
CA53,TC,Prey,0.208
CA53,TC,Prey,0.444
CA53,TC,Prey,0.472
CA53,TC,Prey,0.138
CA53,TC,Prey,0.436
CA53,TC,Prey,0.63
CA53,TC,Prey,0.562
CA53,TC,Prey,0.542
CA53,TC,Prey,0.714
CA53,TC,Prey,0.678
CA54,TC,Prey,0.592
CA54,TC,Prey,0.574
CA54,TC,Prey,0.234
CA54,TC,Prey,0.372
CA54,TC,Prey,0.418
CA54,TC,Prey,0.508
CA54,TC,Prey,0.666
CA54,TC,Prey,0.23
CA54,TC,Prey,0.664
CA54,TC,Prey,0.48
CA54,TC,Prey,0.642
CA54,TC,Prey,0.364
CA54,TC,Prey,0.274
CA54,TC,Prey,0.702
CA55,TC,Prey,0.304
CA55,TC,Prey,0.426
CA55,TC,Prey,0.238
CA55,TC,Prey,0.08
CA55,TC,Prey,0.47
CA55,TC,Prey,0.492
CA55,TC,Prey,0.672
CA55,TC,Prey,0.356
CA55,TC,Prey,0.262
CA55,TC,Prey,0.458
CA55,TC,Prey,0.8
CA55,TC,Prey,0.272
CA56,TC,Prey,0.48
CA56,TC,Prey,0.214
CA56,TC,Prey,0.33
CA56,TC,Prey,0.432
CA56,TC,Prey,0.11
CA56,TC,Prey,0.392
CA56,TC,Prey,0.346
CA56,TC,Prey,0.044
CA56,TC,Prey,0.672
CA56,TC,Prey,0.294
CA56,TC,Prey,0.644
CA56,TC,Prey,0.16
CA56,TC,Prey,0.28
CA56,TC,Prey,0.42
CA56,TC,Prey,0.116
CA57,TC,Prey,0.406
CA57,TC,Prey,0.676
CA57,TC,Prey,0.436
CA57,TC,Prey,0.524
CA57,TC,Prey,0.418
CA57,TC,Prey,0.582
CA57,TC,Prey,0.69
CA57,TC,Prey,0.56
CA57,TC,Prey,0.396
CA57,TC,Prey,0.4
CA57,TC,Prey,0.288
CA58,TC,Prey,0.308
CA58,TC,Prey,0.622
CA58,TC,Prey,0.682
CA58,TC,Prey,0.202
CA58,TC,Prey,0.472
CA58,TC,Prey,0.454
CA58,TC,Prey,0.174
CA58,TC,Prey,0.652
CA58,TC,Prey,0.48
CA58,TC,Prey,0.46
CA58,TC,Prey,0.304
CA58,TC,Prey,0.606
CA58,TC,Prey,0.596
CA58,TC,Prey,0.576
CA59,TC,Prey,0.452
CA59,TC,Prey,0.52
CA59,TC,Prey,0.35
CA59,TC,Prey,0.34
CA59,TC,Prey,0.588
CA59,TC,Prey,0.268
CA59,TC,Prey,0.498
CA59,TC,Prey,0.254
CA59,TC,Prey,0.65
CA59,TC,Prey,0.764
CA59,TC,Prey,0.754
CA59,TC,Prey,0.456
CA59,TC,Prey,0.572
CA59,TC,Prey,0.65
CA59,TC,Prey,0.832
CA59,TC,Prey,0.606
CA59,TC,Prey,0.514
CA59,TC,Prey,0.036
CA59,TC,Prey,0.626
CA59,TC,Prey,0.21
CA59,TC,Prey,0.414
CA60,TC,Prey,0.13
CA60,TC,Prey,0.306
CA61,TC,Prey,0.514
CA61,TC,Prey,0.496
CA61,TC,Prey,0.492
CA61,TC,Prey,0.506
CA61,TC,Prey,0.558
CA61,TC,Prey,0.574
CA61,TC,Prey,0.766
CA61,TC,Prey,0.48
CA61,TC,Prey,0.464
CA61,TC,Prey,0.634
CA61,TC,Prey,0.562
CA62,TC,Prey,0.31
CA62,TC,Prey,0.218
CA62,TC,Prey,0.376
CA62,TC,Prey,0.574
CA62,TC,Prey,0.284
CA62,TC,Prey,0.334
CA62,TC,Prey,0.298
CA62,TC,Prey,0.57
CA62,TC,Prey,0.586
CA62,TC,Prey,0.192
CA62,TC,Prey,0.072
CA62,TC,Prey,0.268
CA62,TC,Prey,0.564
CA62,TC,Prey,0.814
CA62,TC,Prey,0.364
CA62,TC,Prey,0.442
CA62,TC,Prey,0.69
CA62,TC,Prey,0.542
CA62,TC,Prey,0.426
CA62,TC,Prey,0.426
CA62,TC,Prey,0.432
CA62,TC,Prey,0.782
CA62,TC,Prey,0.502
CA62,TC,Prey,0.592
CA63,TC,Prey,0.672
CA63,TC,Prey,0.346
CA63,TC,Prey,0.312
CA63,TC,Prey,0.466
CA63,TC,Prey,0.358
CA63,TC,Prey,0.222
CA63,TC,Prey,0.354
CA63,TC,Prey,0.534
CA63,TC,Prey,0.42
CA63,TC,Prey,0.594
CA63,TC,Prey,0.178
CA63,TC,Prey,0.124
CA63,TC,Prey,0.558
CA63,TC,Prey,0.582
CA63,TC,Prey,0.57
CA63,TC,Prey,0.578
CA63,TC,Prey,0.402
CA63,TC,Prey,0.574
CA63,TC,Prey,0.622
CA64,TC,Prey,0.61
CA64,TC,Prey,0.04
CA64,TC,Prey,0.41
CA64,TC,Prey,0.134
CA64,TC,Prey,0.436
CA64,TC,Prey,0.54
CA64,TC,Prey,0.148
CA64,TC,Prey,0.478
CA64,TC,Prey,0.644
CA64,TC,Prey,0.702
CA64,TC,Prey,0.758
CA64,TC,Prey,0.248
CA64,TC,Prey,0.614
CA64,TC,Prey,0.528
CA64,TC,Prey,0.67
CA64,TC,Prey,0.306
CA64,TC,Prey,0.518
CA64,TC,Prey,0.476
CA64,TC,Prey,0.43
CA64,TC,Prey,0.544
CA64,TC,Prey,0.26
CA65,TC,Prey,0.328
CA65,TC,Prey,0.548
CA65,TC,Prey,0.486
CA65,TC,Prey,0.294
CA65,TC,Prey,0.448
CA65,TC,Prey,0.606
CA65,TC,Prey,0.446
CA65,TC,Prey,0.33
CA65,TC,Prey,0.242
CA65,TC,Prey,0.668
CA65,TC,Prey,0.092
CA65,TC,Prey,0.014
CA65,TC,Prey,0.44
CA65,TC,Prey,0.51
CA65,TC,Prey,0.5
CA65,TC,Prey,0.732
CA65,TC,Prey,0.648
CA65,TC,Prey,0.712
CA65,TC,Prey,0.228
CA65,TC,Prey,0.63
CA65,TC,Prey,0.506
CA65,TC,Prey,0.524
CA66,TC,Prey,0.72
CA66,TC,Prey,0.108
CA66,TC,Prey,0.494
CA66,TC,Prey,0.538
CA66,TC,Prey,0.218
CA66,TC,Prey,0.592
CA66,TC,Prey,0.182
CA66,TC,Prey,0.202
CA66,TC,Prey,0.354
CA66,TC,Prey,0.796
CA66,TC,Prey,0.558
CA66,TC,Prey,0.568
CA66,TC,Prey,0.492
CA66,TC,Prey,0.602
CA66,TC,Prey,0.434
CA66,TC,Prey,0.206
CA66,TC,Prey,0.358
CA66,TC,Prey,0.536
CA66,TC,Prey,0.506
CA66,TC,Prey,0.73
CA66,TC,Prey,0.436
CA67,TC,Prey,0.31
CA67,TC,Prey,0.856
CA67,TC,Prey,0.244
CA67,TC,Prey,0.636
CA67,TC,Prey,0.402
CA67,TC,Prey,0.256
CA67,TC,Prey,0.058
CA67,TC,Prey,0.562
CA67,TC,Prey,0.564
CA67,TC,Prey,0.35
CA67,TC,Prey,0.666
CA67,TC,Prey,0.576
CA67,TC,Prey,0.55
CA67,TC,Prey,0.54
CA67,TC,Prey,0.642
CA67,TC,Prey,0.572
CA67,TC,Prey,0.472
CA67,TC,Prey,0.324
CA68,TC,Prey,0.572
CA68,TC,Prey,0.5
CA68,TC,Prey,0.558
CA68,TC,Prey,0.23
CA68,TC,Prey,0.394
CA68,TC,Prey,0.606
CA68,TC,Prey,0.44
CA68,TC,Prey,0.392
CA68,TC,Prey,0.39
CA68,TC,Prey,0.262
CA68,TC,Prey,0.164
CA68,TC,Prey,0.468
CA68,TC,Prey,0.61
CA68,TC,Prey,0.548
CA68,TC,Prey,0.072
CA68,TC,Prey,0.42
CA68,TC,Prey,0.606
CA68,TC,Prey,0.582
CA68,TC,Prey,0.288
CA68,TC,Prey,0.628
CA68,TC,Prey,0.63
CA68,TC,Prey,0.51
CA68,TC,Prey,0.35
CA68,TC,Prey,0.676
CA69,TC,Prey,0.598
CA69,TC,Prey,0.388
CA69,TC,Prey,0.204
CA69,TC,Prey,0.402
CA69,TC,Prey,0.696
CA69,TC,Prey,0.526
CA69,TC,Prey,0.43
CA69,TC,Prey,0.374
CA69,TC,Prey,0.29
CA69,TC,Prey,0.654
CA69,TC,Prey,0.666
CA69,TC,Prey,0.32
CA69,TC,Prey,0.556
CA69,TC,Prey,0.684
CA69,TC,Prey,0.714
CA69,TC,Prey,0.652
CA69,TC,Prey,0.396
CA69,TC,Prey,0.686
CA69,TC,Prey,0.418
CA69,TC,Prey,0.126
CA70,TC,Prey,0.686
CA70,TC,Prey,0.402
CA70,TC,Prey,0.682
CA70,TC,Prey,0.588
CA70,TC,Prey,0.76
CA70,TC,Prey,0.338
CA70,TC,Prey,0.694
CA70,TC,Prey,0.344
CA70,TC,Prey,0.51
CA70,TC,Prey,0.402
CA70,TC,Prey,0.314
CA70,TC,Prey,0.524
CA70,TC,Prey,0.682
CA70,TC,Prey,0.524
CA70,TC,Prey,0.266
CA70,TC,Prey,0.482
CA70,TC,Prey,0.538
CA70,TC,Prey,0.514
CA70,TC,Prey,0.542
CA70,TC,Prey,0.488
CA70,TC,Prey,0.456
CA70,TC,Prey,0.67
CA70,TC,Prey,0.554
CA70,TC,Prey,0.756
CA70,TC,Prey,0.506
CA70,TC,Prey,0.52
CA70,TC,Prey,0.37
CA70,TC,Prey,0.616
CA70,TC,Prey,0.494
CA71,TC,Prey,0.388
CA71,TC,Prey,0.382
CA71,TC,Prey,0.684
CA71,TC,Prey,0.466
CA71,TC,Prey,0.458
CA71,TC,Prey,0.444
CA71,TC,Prey,0.556
CA71,TC,Prey,0.868
CA71,TC,Prey,0.392
CA71,TC,Prey,0.778
CA72,TC,Prey,0.65
CA72,TC,Prey,0.314
CA72,TC,Prey,0.488
CA72,TC,Prey,0.544
CA72,TC,Prey,0.53
CA72,TC,Prey,0.428
CA72,TC,Prey,0.21
CA72,TC,Prey,0.568
CA72,TC,Prey,0.814
CA72,TC,Prey,0.374
CA72,TC,Prey,0.266
CA73,TC,Prey,0.548
CA73,TC,Prey,0.452
CA73,TC,Prey,0.042
CA73,TC,Prey,0.07
CA73,TC,Prey,0.544
CA73,TC,Prey,0.456
CA73,TC,Prey,0.576
CA73,TC,Prey,0.646
CA73,TC,Prey,0.776
CA73,TC,Prey,0.408
CA73,TC,Prey,0.554
CA73,TC,Prey,0.61
CA73,TC,Prey,0.41
CA73,TC,Prey,0.752
CA73,TC,Prey,0.45
CA73,TC,Prey,0.466
CA74,TC,Prey,0.524
CA74,TC,Prey,0.266
CA74,TC,Prey,0.326
CA74,TC,Prey,0.504
CA74,TC,Prey,0.372
CA74,TC,Prey,0.684
CA74,TC,Prey,0.538
CA74,TC,Prey,0.492
CA75,TC,Prey,0.322
CA76,TC,Prey,0.466
CA76,TC,Prey,0.706
CA76,TC,Prey,0.632
CA76,TC,Prey,0.48
CA76,TC,Prey,0.664
CA76,TC,Prey,0.526
CA76,TC,Prey,0.51
CA76,TC,Prey,0.816
CA76,TC,Prey,0.37
CA76,TC,Prey,0.114
CA76,TC,Prey,0.586
CA76,TC,Prey,0.288
CA76,TC,Prey,0.544
CA76,TC,Prey,0.692
CA76,TC,Prey,0.438
CA76,TC,Prey,0.496
CA52,TC,Pred,0.448
CA52,TC,Pred,0.626
CA52,TC,Pred,0.312
CA52,TC,Pred,0.772
CA52,TC,Pred,0.404
CA52,TC,Pred,0.418
CA52,TC,Pred,0.544
CA52,TC,Pred,0.354
CA52,TC,Pred,0.528
CA52,TC,Pred,0.572
CA52,TC,Pred,0.36
CA52,TC,Pred,0.49
CA52,TC,Pred,0.502
CA52,TC,Pred,0.366
CA52,TC,Pred,0.286
CA52,TC,Pred,0.342
CA52,TC,Pred,0.108
CA52,TC,Pred,0.49
CA52,TC,Pred,0.568
CA52,TC,Pred,0.428
CA52,TC,Pred,0.286
CA52,TC,Pred,0.31
CA52,TC,Pred,0.31
CA52,TC,Pred,0.192
CA52,TC,Pred,0.56
CA53,TC,Pred,0.802
CA53,TC,Pred,0.082
CA53,TC,Pred,0.292
CA53,TC,Pred,0.39
CA53,TC,Pred,0.748
CA53,TC,Pred,0.394
CA53,TC,Pred,0.49
CA53,TC,Pred,0.758
CA53,TC,Pred,0.596
CA53,TC,Pred,0.704
CA53,TC,Pred,0.374
CA53,TC,Pred,0.506
CA53,TC,Pred,0.26
CA53,TC,Pred,0.202
CA53,TC,Pred,0.314
CA53,TC,Pred,0.618
CA53,TC,Pred,0.742
CA53,TC,Pred,0.574
CA53,TC,Pred,0.478
CA53,TC,Pred,0.35
CA54,TC,Pred,0.194
CA54,TC,Pred,0.146
CA54,TC,Pred,0.438
CA54,TC,Pred,0.292
CA54,TC,Pred,0.49
CA54,TC,Pred,0.484
CA54,TC,Pred,0.092
CA54,TC,Pred,0.126
CA54,TC,Pred,0.328
CA54,TC,Pred,0.15
CA54,TC,Pred,0.366
CA54,TC,Pred,0.216
CA54,TC,Pred,0.38
CA54,TC,Pred,0.45
CA55,TC,Pred,0.38
CA55,TC,Pred,0.086
CA55,TC,Pred,0.286
CA55,TC,Pred,0.164
CA55,TC,Pred,0.226
CA55,TC,Pred,0.318
CA55,TC,Pred,0.414
CA55,TC,Pred,0.306
CA55,TC,Pred,0.76
CA55,TC,Pred,0.482
CA55,TC,Pred,0.238
CA55,TC,Pred,0.184
CA56,TC,Pred,0.516
CA56,TC,Pred,0.006
CA56,TC,Pred,0.786
CA56,TC,Pred,0.558
CA56,TC,Pred,0.004
CA56,TC,Pred,0.08
CA56,TC,Pred,0.578
CA56,TC,Pred,0.13
CA56,TC,Pred,0.166
CA56,TC,Pred,0.61
CA56,TC,Pred,0.488
CA56,TC,Pred,0.144
CA56,TC,Pred,0.12
CA56,TC,Pred,0.212
CA56,TC,Pred,0.614
CA57,TC,Pred,0.242
CA57,TC,Pred,0.808
CA57,TC,Pred,0.308
CA57,TC,Pred,0.406
CA57,TC,Pred,0.48
CA57,TC,Pred,0.322
CA57,TC,Pred,0.776
CA57,TC,Pred,0.176
CA57,TC,Pred,0.73
CA57,TC,Pred,0.488
CA57,TC,Pred,0.408
CA58,TC,Pred,0.232
CA58,TC,Pred,0.044
CA58,TC,Pred,0.534
CA58,TC,Pred,0.358
CA58,TC,Pred,0.566
CA58,TC,Pred,0.346
CA58,TC,Pred,0.242
CA58,TC,Pred,0.366
CA58,TC,Pred,0.686
CA58,TC,Pred,0.56
CA58,TC,Pred,0.208
CA58,TC,Pred,0.146
CA58,TC,Pred,0.21
CA58,TC,Pred,0.596
CA59,TC,Pred,0.476
CA59,TC,Pred,0.306
CA59,TC,Pred,0.498
CA59,TC,Pred,0.17
CA59,TC,Pred,0.336
CA59,TC,Pred,0.418
CA59,TC,Pred,0.588
CA59,TC,Pred,0.044
CA59,TC,Pred,0.354
CA59,TC,Pred,0.056
CA59,TC,Pred,0.194
CA59,TC,Pred,0.414
CA59,TC,Pred,0.498
CA59,TC,Pred,0.376
CA59,TC,Pred,0.43
CA59,TC,Pred,0.44
CA59,TC,Pred,0.164
CA59,TC,Pred,0.062
CA59,TC,Pred,0.376
CA59,TC,Pred,0.822
CA59,TC,Pred,0.47
CA60,TC,Pred,0.164
CA60,TC,Pred,0.432
CA61,TC,Pred,0.66
CA61,TC,Pred,0.164
CA61,TC,Pred,0.272
CA61,TC,Pred,0.568
CA61,TC,Pred,0.462
CA61,TC,Pred,0.282
CA61,TC,Pred,0.884
CA61,TC,Pred,0.566
CA61,TC,Pred,0.168
CA61,TC,Pred,0.094
CA61,TC,Pred,0.698
CA62,TC,Pred,0.028
CA62,TC,Pred,0.622
CA62,TC,Pred,0.542
CA62,TC,Pred,0.122
CA62,TC,Pred,0.398
CA62,TC,Pred,0.292
CA62,TC,Pred,0.13
CA62,TC,Pred,0.538
CA62,TC,Pred,0.57
CA62,TC,Pred,0.12
CA62,TC,Pred,0.058
CA62,TC,Pred,0.114
CA62,TC,Pred,0.526
CA62,TC,Pred,0.522
CA62,TC,Pred,0.472
CA62,TC,Pred,0.466
CA62,TC,Pred,0.164
CA62,TC,Pred,0.126
CA62,TC,Pred,0.484
CA62,TC,Pred,0.484
CA62,TC,Pred,0.4
CA62,TC,Pred,0.452
CA62,TC,Pred,0.566
CA62,TC,Pred,0.298
CA63,TC,Pred,0.476
CA63,TC,Pred,0.698
CA63,TC,Pred,0.38
CA63,TC,Pred,0.722
CA63,TC,Pred,0.554
CA63,TC,Pred,0.768
CA63,TC,Pred,0.084
CA63,TC,Pred,0.668
CA63,TC,Pred,0.02
CA63,TC,Pred,0.508
CA63,TC,Pred,0.396
CA63,TC,Pred,0.382
CA63,TC,Pred,0.034
CA63,TC,Pred,0.492
CA63,TC,Pred,0.12
CA63,TC,Pred,0.038
CA63,TC,Pred,0.558
CA63,TC,Pred,0.146
CA63,TC,Pred,0.204
CA64,TC,Pred,0.308
CA64,TC,Pred,0.086
CA64,TC,Pred,0.272
CA64,TC,Pred,0.206
CA64,TC,Pred,0.468
CA64,TC,Pred,0.436
CA64,TC,Pred,0.36
CA64,TC,Pred,0.464
CA64,TC,Pred,0.546
CA64,TC,Pred,0.048
CA64,TC,Pred,0.63
CA64,TC,Pred,0.578
CA64,TC,Pred,0.214
CA64,TC,Pred,0.738
CA64,TC,Pred,0.506
CA64,TC,Pred,0.526
CA64,TC,Pred,0.5
CA64,TC,Pred,0.152
CA64,TC,Pred,0.08
CA64,TC,Pred,0.476
CA64,TC,Pred,0.424
CA65,TC,Pred,0.146
CA65,TC,Pred,0.092
CA65,TC,Pred,0.036
CA65,TC,Pred,0.008
CA65,TC,Pred,0.56
CA65,TC,Pred,0.47
CA65,TC,Pred,0.716
CA65,TC,Pred,0.234
CA65,TC,Pred,0.052
CA65,TC,Pred,0.43
CA65,TC,Pred,0.102
CA65,TC,Pred,0.112
CA65,TC,Pred,0.596
CA65,TC,Pred,0.186
CA65,TC,Pred,0.522
CA65,TC,Pred,0.61
CA65,TC,Pred,0.196
CA65,TC,Pred,0.21
CA65,TC,Pred,0.23
CA65,TC,Pred,0.476
CA65,TC,Pred,0.432
CA65,TC,Pred,0.426
CA66,TC,Pred,0.184
CA66,TC,Pred,0.402
CA66,TC,Pred,0.472
CA66,TC,Pred,0.316
CA66,TC,Pred,0.512
CA66,TC,Pred,0.508
CA66,TC,Pred,0.09
CA66,TC,Pred,0.438
CA66,TC,Pred,0.422
CA66,TC,Pred,0.508
CA66,TC,Pred,0.27
CA66,TC,Pred,0.658
CA66,TC,Pred,0.858
CA66,TC,Pred,0.302
CA66,TC,Pred,0.768
CA66,TC,Pred,0.504
CA66,TC,Pred,0.67
CA66,TC,Pred,0.466
CA66,TC,Pred,0.32
CA66,TC,Pred,0.386
CA66,TC,Pred,0.434
CA67,TC,Pred,0.24
CA67,TC,Pred,0.234
CA67,TC,Pred,0.198
CA67,TC,Pred,0.494
CA67,TC,Pred,0.658
CA67,TC,Pred,0.504
CA67,TC,Pred,0.048
CA67,TC,Pred,0.234
CA67,TC,Pred,0.39
CA67,TC,Pred,0.242
CA67,TC,Pred,0.252
CA67,TC,Pred,0.222
CA67,TC,Pred,0.218
CA67,TC,Pred,0.156
CA67,TC,Pred,0.232
CA67,TC,Pred,0.398
CA67,TC,Pred,0.404
CA67,TC,Pred,0.4
CA68,TC,Pred,0.566
CA68,TC,Pred,0.334
CA68,TC,Pred,0.524
CA68,TC,Pred,0.418
CA68,TC,Pred,0.73
CA68,TC,Pred,0.47
CA68,TC,Pred,0.526
CA68,TC,Pred,0.332
CA68,TC,Pred,0.794
CA68,TC,Pred,0.056
CA68,TC,Pred,0.43
CA68,TC,Pred,0.72
CA68,TC,Pred,0.272
CA68,TC,Pred,0.748
CA68,TC,Pred,0.122
CA68,TC,Pred,0.194
CA68,TC,Pred,0.322
CA68,TC,Pred,0.44
CA68,TC,Pred,0.64
CA68,TC,Pred,0.448
CA68,TC,Pred,0.22
CA68,TC,Pred,0.102
CA68,TC,Pred,0.332
CA68,TC,Pred,0.632
CA69,TC,Pred,0.226
CA69,TC,Pred,0.05
CA69,TC,Pred,0.382
CA69,TC,Pred,0.742
CA69,TC,Pred,0.406
CA69,TC,Pred,0.446
CA69,TC,Pred,0.186
CA69,TC,Pred,0.546
CA69,TC,Pred,0.026
CA69,TC,Pred,0.046
CA69,TC,Pred,0.656
CA69,TC,Pred,0.154
CA69,TC,Pred,0.096
CA69,TC,Pred,0.408
CA69,TC,Pred,0.434
CA69,TC,Pred,0.2
CA69,TC,Pred,0.43
CA69,TC,Pred,0.518
CA69,TC,Pred,0.562
CA69,TC,Pred,0.262
CA70,TC,Pred,0.306
CA70,TC,Pred,0.728
CA70,TC,Pred,0.002
CA70,TC,Pred,0.086
CA70,TC,Pred,0.776
CA70,TC,Pred,0.142
CA70,TC,Pred,0.436
CA70,TC,Pred,0.324
CA70,TC,Pred,0.362
CA70,TC,Pred,0.53
CA70,TC,Pred,0.564
CA70,TC,Pred,0.606
CA70,TC,Pred,0.806
CA70,TC,Pred,0.426
CA70,TC,Pred,0.318
CA70,TC,Pred,0.576
CA70,TC,Pred,0.464
CA70,TC,Pred,0.108
CA70,TC,Pred,0.24
CA70,TC,Pred,0.44
CA70,TC,Pred,0.242
CA70,TC,Pred,0.724
CA70,TC,Pred,0.084
CA70,TC,Pred,0.45
CA70,TC,Pred,0.498
CA70,TC,Pred,0.174
CA70,TC,Pred,0.322
CA70,TC,Pred,0.47
CA70,TC,Pred,0.392
CA71,TC,Pred,0.032
CA71,TC,Pred,0.308
CA71,TC,Pred,0.672
CA71,TC,Pred,0.722
CA71,TC,Pred,0.532
CA71,TC,Pred,0.518
CA71,TC,Pred,0.524
CA71,TC,Pred,0.598
CA71,TC,Pred,0.724
CA71,TC,Pred,0.434
CA72,TC,Pred,0.296
CA72,TC,Pred,0.282
CA72,TC,Pred,0.458
CA72,TC,Pred,0.254
CA72,TC,Pred,0.468
CA72,TC,Pred,0.33
CA72,TC,Pred,0.498
CA72,TC,Pred,0.204
CA72,TC,Pred,0.522
CA72,TC,Pred,0.834
CA72,TC,Pred,0.19
CA73,TC,Pred,0.498
CA73,TC,Pred,0.772
CA73,TC,Pred,0.052
CA73,TC,Pred,0.324
CA73,TC,Pred,0.108
CA73,TC,Pred,0.62
CA73,TC,Pred,0.72
CA73,TC,Pred,0.19
CA73,TC,Pred,0.564
CA73,TC,Pred,0.67
CA73,TC,Pred,0.534
CA73,TC,Pred,0.228
CA73,TC,Pred,0.47
CA73,TC,Pred,0.308
CA73,TC,Pred,0.664
CA73,TC,Pred,0.306
CA74,TC,Pred,0.426
CA74,TC,Pred,0.18
CA74,TC,Pred,0.064
CA74,TC,Pred,0.254
CA74,TC,Pred,0.228
CA74,TC,Pred,0.186
CA74,TC,Pred,0.352
CA74,TC,Pred,0.454
CA75,TC,Pred,0.3
CA76,TC,Pred,0.358
CA76,TC,Pred,0.034
CA76,TC,Pred,0.282
CA76,TC,Pred,0.272
CA76,TC,Pred,0.408
CA76,TC,Pred,0.672
CA76,TC,Pred,0.2
CA76,TC,Pred,0.56
CA76,TC,Pred,0.434
CA76,TC,Pred,0.04
CA76,TC,Pred,0.794
CA76,TC,Pred,0.08
CA76,TC,Pred,0.44
CA76,TC,Pred,0.598
CA76,TC,Pred,0.096
CA76,TC,Pred,0.46
